proof_id,title,family,source_batch,local_image,public_slug,caption_text
proof_01_matt,From isolation to confidence.,Testimonial,proof_ads_batch_01,output/proof_ads_all_100/images/proof_01_matt.png,proof_01_matt.png,"From isolation to confidence.

Real member progress from Torch Method.

#torchmethod #datingadvice #socialskills #mensgrowth"
proof_02_ethan,Dating feels navigable now.,Testimonial,proof_ads_batch_01,output/proof_ads_all_100/images/proof_02_ethan.png,proof_02_ethan.png,"Dating feels navigable now.

Real member progress from Torch Method.

#torchmethod #datingadvice #socialskills #mensgrowth"
proof_03_ryan,Clear guidance beats vague motivation.,Testimonial,proof_ads_batch_01,output/proof_ads_all_100/images/proof_03_ryan.png,proof_03_ryan.png,"Clear guidance beats vague motivation.

Real member progress from Torch Method.

#torchmethod #datingadvice #socialskills #mensgrowth"
proof_04_charlie,The change is visible in the relationship.,Testimonial,proof_ads_batch_01,output/proof_ads_all_100/images/proof_04_charlie.png,proof_04_charlie.png,"The change is visible in the relationship.

Real member progress from Torch Method.

#torchmethod #datingadvice #socialskills #mensgrowth"
proof_05_stats,Real proof beats empty hype.,Stats,proof_ads_batch_01,output/proof_ads_all_100/images/proof_05_stats.png,proof_05_stats.png,"Real proof beats empty hype.

Real member progress from Torch Method.

#torchmethod #datingadvice #socialskills #mensgrowth"
proof_06_matt_social,Social skills that actually carry into life.,Testimonial,proof_ads_batch_02,output/proof_ads_all_100/images/proof_06_matt_social.png,proof_06_matt_social.png,"Social skills that actually carry into life.

Real member progress from Torch Method.

#torchmethod #datingadvice #socialskills #mensgrowth"
proof_07_matt_confidence,Confidence built step by step.,Testimonial,proof_ads_batch_02,output/proof_ads_all_100/images/proof_07_matt_confidence.png,proof_07_matt_confidence.png,"Confidence built step by step.

Real member progress from Torch Method.

#torchmethod #datingadvice #socialskills #mensgrowth"
proof_08_ethan_anxiety,Most guys do not realize anxiety is driving the whole thing.,Testimonial,proof_ads_batch_02,output/proof_ads_all_100/images/proof_08_ethan_anxiety.png,proof_08_ethan_anxiety.png,"Most guys do not realize anxiety is driving the whole thing.

Real member progress from Torch Method.

#torchmethod #datingadvice #socialskills #mensgrowth"
proof_09_ethan_intention,"Respond with intention, not panic.",Testimonial,proof_ads_batch_02,output/proof_ads_all_100/images/proof_09_ethan_intention.png,proof_09_ethan_intention.png,"Respond with intention, not panic.

Real member progress from Torch Method.

#torchmethod #datingadvice #socialskills #mensgrowth"
proof_10_ryan_practical,Practical beats motivational every time.,Testimonial,proof_ads_batch_02,output/proof_ads_all_100/images/proof_10_ryan_practical.png,proof_10_ryan_practical.png,"Practical beats motivational every time.

Real member progress from Torch Method.

#torchmethod #datingadvice #socialskills #mensgrowth"
proof_11_ryan_framework,A framework you can rely on when you are uncertain.,Testimonial,proof_ads_batch_02,output/proof_ads_all_100/images/proof_11_ryan_framework.png,proof_11_ryan_framework.png,"A framework you can rely on when you are uncertain.

Real member progress from Torch Method.

#torchmethod #datingadvice #socialskills #mensgrowth"
proof_12_charlie_assertive,The people around you notice the shift too.,Testimonial,proof_ads_batch_02,output/proof_ads_all_100/images/proof_12_charlie_assertive.png,proof_12_charlie_assertive.png,"The people around you notice the shift too.

Real member progress from Torch Method.

#torchmethod #datingadvice #socialskills #mensgrowth"
proof_13_charlie_conflict,Resolve conflict instead of avoiding it.,Testimonial,proof_ads_batch_02,output/proof_ads_all_100/images/proof_13_charlie_conflict.png,proof_13_charlie_conflict.png,"Resolve conflict instead of avoiding it.

Real member progress from Torch Method.

#torchmethod #datingadvice #socialskills #mensgrowth"
proof_14_stats_members,This is not a vague little side program.,Stats,proof_ads_batch_02,output/proof_ads_all_100/images/proof_14_stats_members.png,proof_14_stats_members.png,"This is not a vague little side program.

Real member progress from Torch Method.

#torchmethod #datingadvice #socialskills #mensgrowth"
proof_15_stats_system,A real system for analytical men who are done guessing.,Stats,proof_ads_batch_02,output/proof_ads_all_100/images/proof_15_stats_system.png,proof_15_stats_system.png,"A real system for analytical men who are done guessing.

Real member progress from Torch Method.

#torchmethod #datingadvice #socialskills #mensgrowth"
proof_16_brandon,I stopped treating every text like a final exam.,Testimonial,proof_ads_batch_03,output/proof_ads_all_100/images/proof_16_brandon.png,proof_16_brandon.png,"I stopped treating every text like a final exam.

Real member progress from Torch Method.

#torchmethod #datingadvice #socialskills #mensgrowth"
proof_17_david,I went from mentally freezing to actually following through.,Testimonial,proof_ads_batch_03,output/proof_ads_all_100/images/proof_17_david.png,proof_17_david.png,"I went from mentally freezing to actually following through.

Real member progress from Torch Method.

#torchmethod #datingadvice #socialskills #mensgrowth"
proof_18_kevin,Dating got calmer the second I stopped trying to impress.,Testimonial,proof_ads_batch_03,output/proof_ads_all_100/images/proof_18_kevin.png,proof_18_kevin.png,"Dating got calmer the second I stopped trying to impress.

Real member progress from Torch Method.

#torchmethod #datingadvice #socialskills #mensgrowth"
proof_19_aaron,Rejection stopped wrecking my whole week.,Testimonial,proof_ads_batch_03,output/proof_ads_all_100/images/proof_19_aaron.png,proof_19_aaron.png,"Rejection stopped wrecking my whole week.

Real member progress from Torch Method.

#torchmethod #datingadvice #socialskills #mensgrowth"
proof_20_justin,I stopped waiting for the perfect moment that never came.,Testimonial,proof_ads_batch_03,output/proof_ads_all_100/images/proof_20_justin.png,proof_20_justin.png,"I stopped waiting for the perfect moment that never came.

Real member progress from Torch Method.

#torchmethod #datingadvice #socialskills #mensgrowth"
proof_21_evan,I became easier to be around because I was less in my own head.,Testimonial,proof_ads_batch_03,output/proof_ads_all_100/images/proof_21_evan.png,proof_21_evan.png,"I became easier to be around because I was less in my own head.

Real member progress from Torch Method.

#torchmethod #datingadvice #socialskills #mensgrowth"
proof_22_samir,The structure did what motivation never could.,Testimonial,proof_ads_batch_03,output/proof_ads_all_100/images/proof_22_samir.png,proof_22_samir.png,"The structure did what motivation never could.

Real member progress from Torch Method.

#torchmethod #datingadvice #socialskills #mensgrowth"
proof_23_nathan,I finally understood pacing instead of guessing at chemistry.,Testimonial,proof_ads_batch_03,output/proof_ads_all_100/images/proof_23_nathan.png,proof_23_nathan.png,"I finally understood pacing instead of guessing at chemistry.

Real member progress from Torch Method.

#torchmethod #datingadvice #socialskills #mensgrowth"
proof_24_alex,It gave me a way to talk to women without acting like someone else.,Testimonial,proof_ads_batch_03,output/proof_ads_all_100/images/proof_24_alex.png,proof_24_alex.png,"It gave me a way to talk to women without acting like someone else.

Real member progress from Torch Method.

#torchmethod #datingadvice #socialskills #mensgrowth"
proof_25_ben,I started going on dates I would have talked myself out of before.,Testimonial,proof_ads_batch_03,output/proof_ads_all_100/images/proof_25_ben.png,proof_25_ben.png,"I started going on dates I would have talked myself out of before.

Real member progress from Torch Method.

#torchmethod #datingadvice #socialskills #mensgrowth"
proof_26_ian,I got more direct without getting weird about it.,Testimonial,proof_ads_batch_03,output/proof_ads_all_100/images/proof_26_ian.png,proof_26_ian.png,"I got more direct without getting weird about it.

Real member progress from Torch Method.

#torchmethod #datingadvice #socialskills #mensgrowth"
proof_27_marcus,I stopped confusing analysis with progress.,Testimonial,proof_ads_batch_03,output/proof_ads_all_100/images/proof_27_marcus.png,proof_27_marcus.png,"I stopped confusing analysis with progress.

Real member progress from Torch Method.

#torchmethod #datingadvice #socialskills #mensgrowth"
proof_28_chris,The women I dated started responding to a calmer version of me.,Testimonial,proof_ads_batch_03,output/proof_ads_all_100/images/proof_28_chris.png,proof_28_chris.png,"The women I dated started responding to a calmer version of me.

Real member progress from Torch Method.

#torchmethod #datingadvice #socialskills #mensgrowth"
proof_29_noah,I had a process to fall back on when I felt anxious.,Testimonial,proof_ads_batch_03,output/proof_ads_all_100/images/proof_29_noah.png,proof_29_noah.png,"I had a process to fall back on when I felt anxious.

Real member progress from Torch Method.

#torchmethod #datingadvice #socialskills #mensgrowth"
proof_30_daniel,This gave me momentum after years of stalling out.,Testimonial,proof_ads_batch_03,output/proof_ads_all_100/images/proof_30_daniel.png,proof_30_daniel.png,"This gave me momentum after years of stalling out.

Real member progress from Torch Method.

#torchmethod #datingadvice #socialskills #mensgrowth"
proof_31_luke,I finally stopped rehearsing conversations in advance.,Testimonial,proof_ads_batch_04,output/proof_ads_all_100/images/proof_31_luke.png,proof_31_luke.png,"I finally stopped rehearsing conversations in advance.

Real member progress from Torch Method.

#torchmethod #datingadvice #socialskills #mensgrowth"
proof_32_eric,Confidence started feeling quieter and more real.,Testimonial,proof_ads_batch_04,output/proof_ads_all_100/images/proof_32_eric.png,proof_32_eric.png,"Confidence started feeling quieter and more real.

Real member progress from Torch Method.

#torchmethod #datingadvice #socialskills #mensgrowth"
proof_33_miles,Dates got better when I stopped trying to force sparks.,Testimonial,proof_ads_batch_04,output/proof_ads_all_100/images/proof_33_miles.png,proof_33_miles.png,"Dates got better when I stopped trying to force sparks.

Real member progress from Torch Method.

#torchmethod #datingadvice #socialskills #mensgrowth"
proof_34_rahul,I started reading signals instead of inventing them.,Testimonial,proof_ads_batch_04,output/proof_ads_all_100/images/proof_34_rahul.png,proof_34_rahul.png,"I started reading signals instead of inventing them.

Real member progress from Torch Method.

#torchmethod #datingadvice #socialskills #mensgrowth"
proof_35_owen,I stopped sounding stiff because I stopped monitoring myself so much.,Testimonial,proof_ads_batch_04,output/proof_ads_all_100/images/proof_35_owen.png,proof_35_owen.png,"I stopped sounding stiff because I stopped monitoring myself so much.

Real member progress from Torch Method.

#torchmethod #datingadvice #socialskills #mensgrowth"
proof_36_victor,I became better at moving things forward without making them weird.,Testimonial,proof_ads_batch_04,output/proof_ads_all_100/images/proof_36_victor.png,proof_36_victor.png,"I became better at moving things forward without making them weird.

Real member progress from Torch Method.

#torchmethod #datingadvice #socialskills #mensgrowth"
proof_37_colin,Momentum got easier once I stopped making every interaction mean everything.,Testimonial,proof_ads_batch_04,output/proof_ads_all_100/images/proof_37_colin.png,proof_37_colin.png,"Momentum got easier once I stopped making every interaction mean everything.

Real member progress from Torch Method.

#torchmethod #datingadvice #socialskills #mensgrowth"
proof_38_james,I stopped burning energy on mixed signals.,Testimonial,proof_ads_batch_04,output/proof_ads_all_100/images/proof_38_james.png,proof_38_james.png,"I stopped burning energy on mixed signals.

Real member progress from Torch Method.

#torchmethod #datingadvice #socialskills #mensgrowth"
proof_39_tariq,My calm got stronger than my anxiety.,Testimonial,proof_ads_batch_04,output/proof_ads_all_100/images/proof_39_tariq.png,proof_39_tariq.png,"My calm got stronger than my anxiety.

Real member progress from Torch Method.

#torchmethod #datingadvice #socialskills #mensgrowth"
proof_40_gavin,I finally had a repeatable way to improve instead of starting over every week.,Testimonial,proof_ads_batch_04,output/proof_ads_all_100/images/proof_40_gavin.png,proof_40_gavin.png,"I finally had a repeatable way to improve instead of starting over every week.

Real member progress from Torch Method.

#torchmethod #datingadvice #socialskills #mensgrowth"
proof_41_adam,I stopped acting like I had to win people over instantly.,Testimonial,proof_ads_batch_04,output/proof_ads_all_100/images/proof_41_adam.png,proof_41_adam.png,"I stopped acting like I had to win people over instantly.

Real member progress from Torch Method.

#torchmethod #datingadvice #socialskills #mensgrowth"
proof_42_mason,"I talk more simply now, and it works better.",Testimonial,proof_ads_batch_04,output/proof_ads_all_100/images/proof_42_mason.png,proof_42_mason.png,"I talk more simply now, and it works better.

Real member progress from Torch Method.

#torchmethod #datingadvice #socialskills #mensgrowth"
proof_43_drew,"The less I tried to sound impressive, the better my dates went.",Testimonial,proof_ads_batch_04,output/proof_ads_all_100/images/proof_43_drew.png,proof_43_drew.png,"The less I tried to sound impressive, the better my dates went.

Real member progress from Torch Method.

#torchmethod #datingadvice #socialskills #mensgrowth"
proof_44_imran,I stopped spiraling after small setbacks.,Testimonial,proof_ads_batch_04,output/proof_ads_all_100/images/proof_44_imran.png,proof_44_imran.png,"I stopped spiraling after small setbacks.

Real member progress from Torch Method.

#torchmethod #datingadvice #socialskills #mensgrowth"
proof_45_tyler,I learned to stop outsourcing my judgment.,Testimonial,proof_ads_batch_04,output/proof_ads_all_100/images/proof_45_tyler.png,proof_45_tyler.png,"I learned to stop outsourcing my judgment.

Real member progress from Torch Method.

#torchmethod #datingadvice #socialskills #mensgrowth"
proof_46_jonah,I got better at staying present instead of future-tripping.,Testimonial,proof_ads_batch_04,output/proof_ads_all_100/images/proof_46_jonah.png,proof_46_jonah.png,"I got better at staying present instead of future-tripping.

Real member progress from Torch Method.

#torchmethod #datingadvice #socialskills #mensgrowth"
proof_47_peter,"Clearer boundaries made dating easier, not harder.",Testimonial,proof_ads_batch_04,output/proof_ads_all_100/images/proof_47_peter.png,proof_47_peter.png,"Clearer boundaries made dating easier, not harder.

Real member progress from Torch Method.

#torchmethod #datingadvice #socialskills #mensgrowth"
proof_48_julian,I finally understood the difference between pressure and leadership.,Testimonial,proof_ads_batch_04,output/proof_ads_all_100/images/proof_48_julian.png,proof_48_julian.png,"I finally understood the difference between pressure and leadership.

Real member progress from Torch Method.

#torchmethod #datingadvice #socialskills #mensgrowth"
proof_49_devon,I looked more confident because I was less scattered.,Testimonial,proof_ads_batch_04,output/proof_ads_all_100/images/proof_49_devon.png,proof_49_devon.png,"I looked more confident because I was less scattered.

Real member progress from Torch Method.

#torchmethod #datingadvice #socialskills #mensgrowth"
proof_50_nikhil,I needed structure more than inspiration.,Testimonial,proof_ads_batch_04,output/proof_ads_all_100/images/proof_50_nikhil.png,proof_50_nikhil.png,"I needed structure more than inspiration.

Real member progress from Torch Method.

#torchmethod #datingadvice #socialskills #mensgrowth"
proof_51_story_matt,Story Strip / Matt,Story Strip,proof_ads_batch_05,output/proof_ads_all_100/images/proof_51_story_matt.png,proof_51_story_matt.png,"Story Strip / Matt

Real member progress from Torch Method.

#torchmethod #datingadvice #socialskills #mensgrowth"
proof_52_story_ethan,Story Strip / Ethan,Story Strip,proof_ads_batch_05,output/proof_ads_all_100/images/proof_52_story_ethan.png,proof_52_story_ethan.png,"Story Strip / Ethan

Real member progress from Torch Method.

#torchmethod #datingadvice #socialskills #mensgrowth"
proof_53_story_ryan,Story Strip / Ryan,Story Strip,proof_ads_batch_05,output/proof_ads_all_100/images/proof_53_story_ryan.png,proof_53_story_ryan.png,"Story Strip / Ryan

Real member progress from Torch Method.

#torchmethod #datingadvice #socialskills #mensgrowth"
proof_54_story_luke,Story Strip / Luke,Story Strip,proof_ads_batch_05,output/proof_ads_all_100/images/proof_54_story_luke.png,proof_54_story_luke.png,"Story Strip / Luke

Real member progress from Torch Method.

#torchmethod #datingadvice #socialskills #mensgrowth"
proof_55_story_miles,Story Strip / Miles,Story Strip,proof_ads_batch_05,output/proof_ads_all_100/images/proof_55_story_miles.png,proof_55_story_miles.png,"Story Strip / Miles

Real member progress from Torch Method.

#torchmethod #datingadvice #socialskills #mensgrowth"
proof_56_story_rahul,Story Strip / Rahul,Story Strip,proof_ads_batch_05,output/proof_ads_all_100/images/proof_56_story_rahul.png,proof_56_story_rahul.png,"Story Strip / Rahul

Real member progress from Torch Method.

#torchmethod #datingadvice #socialskills #mensgrowth"
proof_57_story_gavin,Story Strip / Gavin,Story Strip,proof_ads_batch_05,output/proof_ads_all_100/images/proof_57_story_gavin.png,proof_57_story_gavin.png,"Story Strip / Gavin

Real member progress from Torch Method.

#torchmethod #datingadvice #socialskills #mensgrowth"
proof_58_story_mason,Story Strip / Mason,Story Strip,proof_ads_batch_05,output/proof_ads_all_100/images/proof_58_story_mason.png,proof_58_story_mason.png,"Story Strip / Mason

Real member progress from Torch Method.

#torchmethod #datingadvice #socialskills #mensgrowth"
proof_59_partner_charlie,Partner Split / Charlie,Partner Split,proof_ads_batch_05,output/proof_ads_all_100/images/proof_59_partner_charlie.png,proof_59_partner_charlie.png,"Partner Split / Charlie

Proof from men using Torch Method to show up calmer, clearer, and more direct.

#torchmethod #datingadvice #socialskills #mensgrowth"
proof_60_partner_matt,Partner Split / Matt,Partner Split,proof_ads_batch_05,output/proof_ads_all_100/images/proof_60_partner_matt.png,proof_60_partner_matt.png,"Partner Split / Matt

Proof from men using Torch Method to show up calmer, clearer, and more direct.

#torchmethod #datingadvice #socialskills #mensgrowth"
proof_61_partner_ethan,Partner Split / Ethan,Partner Split,proof_ads_batch_05,output/proof_ads_all_100/images/proof_61_partner_ethan.png,proof_61_partner_ethan.png,"Partner Split / Ethan

Proof from men using Torch Method to show up calmer, clearer, and more direct.

#torchmethod #datingadvice #socialskills #mensgrowth"
proof_62_partner_owen,Partner Split / Owen,Partner Split,proof_ads_batch_05,output/proof_ads_all_100/images/proof_62_partner_owen.png,proof_62_partner_owen.png,"Partner Split / Owen

Proof from men using Torch Method to show up calmer, clearer, and more direct.

#torchmethod #datingadvice #socialskills #mensgrowth"
proof_63_partner_victor,Partner Split / Victor,Partner Split,proof_ads_batch_05,output/proof_ads_all_100/images/proof_63_partner_victor.png,proof_63_partner_victor.png,"Partner Split / Victor

Proof from men using Torch Method to show up calmer, clearer, and more direct.

#torchmethod #datingadvice #socialskills #mensgrowth"
proof_64_partner_tariq,Partner Split / Tariq,Partner Split,proof_ads_batch_05,output/proof_ads_all_100/images/proof_64_partner_tariq.png,proof_64_partner_tariq.png,"Partner Split / Tariq

Proof from men using Torch Method to show up calmer, clearer, and more direct.

#torchmethod #datingadvice #socialskills #mensgrowth"
proof_65_partner_peter,Partner Split / Peter,Partner Split,proof_ads_batch_05,output/proof_ads_all_100/images/proof_65_partner_peter.png,proof_65_partner_peter.png,"Partner Split / Peter

Proof from men using Torch Method to show up calmer, clearer, and more direct.

#torchmethod #datingadvice #socialskills #mensgrowth"
proof_66_partner_julian,Partner Split / Julian,Partner Split,proof_ads_batch_05,output/proof_ads_all_100/images/proof_66_partner_julian.png,proof_66_partner_julian.png,"Partner Split / Julian

Proof from men using Torch Method to show up calmer, clearer, and more direct.

#torchmethod #datingadvice #socialskills #mensgrowth"
proof_67_stats_core,Real proof beats empty hype.,Stats Grid,proof_ads_batch_05,output/proof_ads_all_100/images/proof_67_stats_core.png,proof_67_stats_core.png,"Real proof beats empty hype.

Real proof beats hype when the system is clear and repeatable.

#torchmethod #datingadvice #socialskills #mensgrowth"
proof_68_stats_completion,The system works because men actually finish it.,Stats Grid,proof_ads_batch_05,output/proof_ads_all_100/images/proof_68_stats_completion.png,proof_68_stats_completion.png,"The system works because men actually finish it.

Real proof beats hype when the system is clear and repeatable.

#torchmethod #datingadvice #socialskills #mensgrowth"
proof_69_stats_progress,This is what structured progress looks like.,Stats Grid,proof_ads_batch_05,output/proof_ads_all_100/images/proof_69_stats_progress.png,proof_69_stats_progress.png,"This is what structured progress looks like.

Real proof beats hype when the system is clear and repeatable.

#torchmethod #datingadvice #socialskills #mensgrowth"
proof_70_stats_system,Structured reps beat vague motivation.,Stats Grid,proof_ads_batch_05,output/proof_ads_all_100/images/proof_70_stats_system.png,proof_70_stats_system.png,"Structured reps beat vague motivation.

Real proof beats hype when the system is clear and repeatable.

#torchmethod #datingadvice #socialskills #mensgrowth"
proof_71_story_brandon,Story Strip / Brandon,Story Strip,proof_ads_batch_06,output/proof_ads_all_100/images/proof_71_story_brandon.png,proof_71_story_brandon.png,"Story Strip / Brandon

Real member progress from Torch Method.

#torchmethod #datingadvice #socialskills #mensgrowth"
proof_72_story_david,Story Strip / David,Story Strip,proof_ads_batch_06,output/proof_ads_all_100/images/proof_72_story_david.png,proof_72_story_david.png,"Story Strip / David

Real member progress from Torch Method.

#torchmethod #datingadvice #socialskills #mensgrowth"
proof_73_story_kevin,Story Strip / Kevin,Story Strip,proof_ads_batch_06,output/proof_ads_all_100/images/proof_73_story_kevin.png,proof_73_story_kevin.png,"Story Strip / Kevin

Real member progress from Torch Method.

#torchmethod #datingadvice #socialskills #mensgrowth"
proof_74_story_aaron,Story Strip / Aaron,Story Strip,proof_ads_batch_06,output/proof_ads_all_100/images/proof_74_story_aaron.png,proof_74_story_aaron.png,"Story Strip / Aaron

Real member progress from Torch Method.

#torchmethod #datingadvice #socialskills #mensgrowth"
proof_75_story_justin,Story Strip / Justin,Story Strip,proof_ads_batch_06,output/proof_ads_all_100/images/proof_75_story_justin.png,proof_75_story_justin.png,"Story Strip / Justin

Real member progress from Torch Method.

#torchmethod #datingadvice #socialskills #mensgrowth"
proof_76_story_evan,Story Strip / Evan,Story Strip,proof_ads_batch_06,output/proof_ads_all_100/images/proof_76_story_evan.png,proof_76_story_evan.png,"Story Strip / Evan

Real member progress from Torch Method.

#torchmethod #datingadvice #socialskills #mensgrowth"
proof_77_story_nathan,Story Strip / Nathan,Story Strip,proof_ads_batch_06,output/proof_ads_all_100/images/proof_77_story_nathan.png,proof_77_story_nathan.png,"Story Strip / Nathan

Real member progress from Torch Method.

#torchmethod #datingadvice #socialskills #mensgrowth"
proof_78_story_alex,Story Strip / Alex,Story Strip,proof_ads_batch_06,output/proof_ads_all_100/images/proof_78_story_alex.png,proof_78_story_alex.png,"Story Strip / Alex

Real member progress from Torch Method.

#torchmethod #datingadvice #socialskills #mensgrowth"
proof_79_story_ben,Story Strip / Ben,Story Strip,proof_ads_batch_06,output/proof_ads_all_100/images/proof_79_story_ben.png,proof_79_story_ben.png,"Story Strip / Ben

Real member progress from Torch Method.

#torchmethod #datingadvice #socialskills #mensgrowth"
proof_80_partner_ian,Partner Split / Ian,Partner Split,proof_ads_batch_06,output/proof_ads_all_100/images/proof_80_partner_ian.png,proof_80_partner_ian.png,"Partner Split / Ian

Proof from men using Torch Method to show up calmer, clearer, and more direct.

#torchmethod #datingadvice #socialskills #mensgrowth"
proof_81_partner_marcus,Partner Split / Marcus,Partner Split,proof_ads_batch_06,output/proof_ads_all_100/images/proof_81_partner_marcus.png,proof_81_partner_marcus.png,"Partner Split / Marcus

Proof from men using Torch Method to show up calmer, clearer, and more direct.

#torchmethod #datingadvice #socialskills #mensgrowth"
proof_82_partner_chris,Partner Split / Chris,Partner Split,proof_ads_batch_06,output/proof_ads_all_100/images/proof_82_partner_chris.png,proof_82_partner_chris.png,"Partner Split / Chris

Proof from men using Torch Method to show up calmer, clearer, and more direct.

#torchmethod #datingadvice #socialskills #mensgrowth"
proof_83_partner_noah,Partner Split / Noah,Partner Split,proof_ads_batch_06,output/proof_ads_all_100/images/proof_83_partner_noah.png,proof_83_partner_noah.png,"Partner Split / Noah

Proof from men using Torch Method to show up calmer, clearer, and more direct.

#torchmethod #datingadvice #socialskills #mensgrowth"
proof_84_partner_daniel,Partner Split / Daniel,Partner Split,proof_ads_batch_06,output/proof_ads_all_100/images/proof_84_partner_daniel.png,proof_84_partner_daniel.png,"Partner Split / Daniel

Proof from men using Torch Method to show up calmer, clearer, and more direct.

#torchmethod #datingadvice #socialskills #mensgrowth"
proof_85_partner_matt,Partner Split / Matt,Partner Split,proof_ads_batch_06,output/proof_ads_all_100/images/proof_85_partner_matt.png,proof_85_partner_matt.png,"Partner Split / Matt

Proof from men using Torch Method to show up calmer, clearer, and more direct.

#torchmethod #datingadvice #socialskills #mensgrowth"
proof_86_partner_charlie,Partner Split / Charlie,Partner Split,proof_ads_batch_06,output/proof_ads_all_100/images/proof_86_partner_charlie.png,proof_86_partner_charlie.png,"Partner Split / Charlie

Proof from men using Torch Method to show up calmer, clearer, and more direct.

#torchmethod #datingadvice #socialskills #mensgrowth"
proof_87_stats_reps,Reps change outcomes faster than overthinking.,Stats Grid,proof_ads_batch_06,output/proof_ads_all_100/images/proof_87_stats_reps.png,proof_87_stats_reps.png,"Reps change outcomes faster than overthinking.

Real proof beats hype when the system is clear and repeatable.

#torchmethod #datingadvice #socialskills #mensgrowth"
proof_88_stats_clarity,Clarity compounds faster than random confidence.,Stats Grid,proof_ads_batch_06,output/proof_ads_all_100/images/proof_88_stats_clarity.png,proof_88_stats_clarity.png,"Clarity compounds faster than random confidence.

Real proof beats hype when the system is clear and repeatable.

#torchmethod #datingadvice #socialskills #mensgrowth"
proof_89_stats_system,A system beats inspiration when you want lasting change.,Stats Grid,proof_ads_batch_06,output/proof_ads_all_100/images/proof_89_stats_system.png,proof_89_stats_system.png,"A system beats inspiration when you want lasting change.

Real proof beats hype when the system is clear and repeatable.

#torchmethod #datingadvice #socialskills #mensgrowth"
proof_90_stats_progress,The point is not hype. The point is durable progress.,Stats Grid,proof_ads_batch_06,output/proof_ads_all_100/images/proof_90_stats_progress.png,proof_90_stats_progress.png,"The point is not hype. The point is durable progress.

Real proof beats hype when the system is clear and repeatable.

#torchmethod #datingadvice #socialskills #mensgrowth"
proof_91_story_henry,Story Strip / Henry,Story Strip,proof_ads_batch_07,output/proof_ads_all_100/images/proof_91_story_henry.png,proof_91_story_henry.png,"Story Strip / Henry

Real member progress from Torch Method.

#torchmethod #datingadvice #socialskills #mensgrowth"
proof_92_story_isaac,Story Strip / Isaac,Story Strip,proof_ads_batch_07,output/proof_ads_all_100/images/proof_92_story_isaac.png,proof_92_story_isaac.png,"Story Strip / Isaac

Real member progress from Torch Method.

#torchmethod #datingadvice #socialskills #mensgrowth"
proof_93_story_joel,Story Strip / Joel,Story Strip,proof_ads_batch_07,output/proof_ads_all_100/images/proof_93_story_joel.png,proof_93_story_joel.png,"Story Strip / Joel

Real member progress from Torch Method.

#torchmethod #datingadvice #socialskills #mensgrowth"
proof_94_story_kyle,Story Strip / Kyle,Story Strip,proof_ads_batch_07,output/proof_ads_all_100/images/proof_94_story_kyle.png,proof_94_story_kyle.png,"Story Strip / Kyle

Real member progress from Torch Method.

#torchmethod #datingadvice #socialskills #mensgrowth"
proof_95_partner_logan,Partner Split / Logan,Partner Split,proof_ads_batch_07,output/proof_ads_all_100/images/proof_95_partner_logan.png,proof_95_partner_logan.png,"Partner Split / Logan

Proof from men using Torch Method to show up calmer, clearer, and more direct.

#torchmethod #datingadvice #socialskills #mensgrowth"
proof_96_partner_malik,Partner Split / Malik,Partner Split,proof_ads_batch_07,output/proof_ads_all_100/images/proof_96_partner_malik.png,proof_96_partner_malik.png,"Partner Split / Malik

Proof from men using Torch Method to show up calmer, clearer, and more direct.

#torchmethod #datingadvice #socialskills #mensgrowth"
proof_97_partner_owen,Partner Split / Owen,Partner Split,proof_ads_batch_07,output/proof_ads_all_100/images/proof_97_partner_owen.png,proof_97_partner_owen.png,"Partner Split / Owen

Proof from men using Torch Method to show up calmer, clearer, and more direct.

#torchmethod #datingadvice #socialskills #mensgrowth"
proof_98_stats_followthrough,Follow-through compounds faster than hype.,Stats Grid,proof_ads_batch_07,output/proof_ads_all_100/images/proof_98_stats_followthrough.png,proof_98_stats_followthrough.png,"Follow-through compounds faster than hype.

Real proof beats hype when the system is clear and repeatable.

#torchmethod #datingadvice #socialskills #mensgrowth"
proof_99_stats_stability,Stability is more attractive than random intensity.,Stats Grid,proof_ads_batch_07,output/proof_ads_all_100/images/proof_99_stats_stability.png,proof_99_stats_stability.png,"Stability is more attractive than random intensity.

Real proof beats hype when the system is clear and repeatable.

#torchmethod #datingadvice #socialskills #mensgrowth"
proof_100_stats_system,A repeatable system beats random confidence spikes.,Stats Grid,proof_ads_batch_07,output/proof_ads_all_100/images/proof_100_stats_system.png,proof_100_stats_system.png,"A repeatable system beats random confidence spikes.

Real proof beats hype when the system is clear and repeatable.

#torchmethod #datingadvice #socialskills #mensgrowth"
